{"cameraMode":{"drawMode":0,"name":"Shaded","section":"Shading Mode"},"sceneLighting":true,"audioPlay":false,"sceneViewState":{"showFog":true,"showMaterialUpdate":true,"showSkybox":true,"showFlares":true,"showImageEffects":true,"showParticleSystems":true},"in2DMode":false,"pivot":{"x":-1.6023513078689576,"y":3.2115657329559328,"z":-4.048815727233887},"rotation":{"x":0.12704268097877503,"y":-0.04164662957191467,"z":0.005338873248547316,"w":0.9910081028938294},"size":4.350295066833496,"orthographic":false}