{"cameraMode":{"drawMode":0,"name":"Shaded","section":"Shading Mode"},"sceneLighting":false,"audioPlay":false,"sceneViewState":{"showFog":true,"showMaterialUpdate":false,"showSkybox":false,"showFlares":true,"showImageEffects":true,"showParticleSystems":true},"in2DMode":false,"pivot":{"x":0.9998377561569214,"y":2.505030393600464,"z":-0.09715837240219116},"rotation":{"x":0.004856364335864782,"y":-0.9482433795928955,"z":0.014518288895487786,"w":0.3171786665916443},"size":2.2276062965393068,"orthographic":false}