{"cameraMode":{"drawMode":0,"name":"Shaded","section":"Shading Mode"},"sceneLighting":false,"audioPlay":false,"sceneViewState":{"showFog":true,"showMaterialUpdate":false,"showSkybox":false,"showFlares":true,"showImageEffects":true,"showParticleSystems":true},"in2DMode":false,"pivot":{"x":-10.739587783813477,"y":2.956914186477661,"z":9.538885116577149},"rotation":{"x":0.04453183710575104,"y":-0.6803771257400513,"z":0.041484277695417407,"w":0.7303343415260315},"size":2.6858839988708498,"orthographic":false}