{"cameraMode":{"drawMode":0,"name":"Shaded","section":"Shading Mode"},"sceneLighting":true,"audioPlay":false,"sceneViewState":{"showFog":true,"showMaterialUpdate":false,"showSkybox":true,"showFlares":true,"showImageEffects":true,"showParticleSystems":true},"in2DMode":false,"pivot":{"x":1.0931477546691895,"y":8.322778701782227,"z":-5.122719764709473},"rotation":{"x":0.3503004014492035,"y":0.005620128009468317,"z":-0.0021017298568040134,"w":0.9366196393966675},"size":2.6858839988708498,"orthographic":false}