{"cameraMode":{"drawMode":0,"name":"Shaded","section":"Shading Mode"},"sceneLighting":false,"audioPlay":false,"sceneViewState":{"showFog":true,"showMaterialUpdate":false,"showSkybox":false,"showFlares":true,"showImageEffects":true,"showParticleSystems":true},"in2DMode":false,"pivot":{"x":7.529842853546143,"y":-0.11310404539108277,"z":14.888134002685547},"rotation":{"x":0.10328183323144913,"y":-0.13238009810447694,"z":0.013870775699615479,"w":0.9857091903686523},"size":4.112396717071533,"orthographic":false}